[
  {
    "id": "54ce155b-b198-4090-b63d-cdd5a049a85c",
    "data": [
      {
        "text": "apply for the job.",
        "userDefined": false
      }
    ],
    "isTemplate": false,
    "count": 0,
    "lang": "en",
    "updated": 0
  },
  {
    "id": "c2c658bc-b6ac-44c3-a348-0f95b3eda8f9",
    "data": [
      {
        "text": "Please go ahead and apply",
        "userDefined": false
      }
    ],
    "isTemplate": false,
    "count": 0,
    "lang": "en",
    "updated": 0
  },
  {
    "id": "7a4ba737-7f3e-4cf9-9821-9179ba495aae",
    "data": [
      {
        "text": "Please apply for the job",
        "userDefined": false
      }
    ],
    "isTemplate": false,
    "count": 0,
    "lang": "en",
    "updated": 0
  }
]