[
  {
    "id": "45fcc3a1-7dba-4336-8b4a-9a79d620e58e",
    "data": [
      {
        "text": "next",
        "userDefined": false
      }
    ],
    "isTemplate": false,
    "count": 0,
    "lang": "en",
    "updated": 0
  },
  {
    "id": "1eb427e9-e04a-4cd1-bb6c-e4f98864ba73",
    "data": [
      {
        "text": "please move to next",
        "userDefined": false
      }
    ],
    "isTemplate": false,
    "count": 0,
    "lang": "en",
    "updated": 0
  },
  {
    "id": "de4b1f78-48fb-435c-b889-eeef4a03cae7",
    "data": [
      {
        "text": "move to next",
        "userDefined": false
      }
    ],
    "isTemplate": false,
    "count": 0,
    "lang": "en",
    "updated": 0
  },
  {
    "id": "02ad72b9-f690-4b8b-a4c3-dbdcafaf5dfe",
    "data": [
      {
        "text": "next please",
        "userDefined": false
      }
    ],
    "isTemplate": false,
    "count": 0,
    "lang": "en",
    "updated": 0
  },
  {
    "id": "f1bb3087-687c-4099-a0e6-db2f1e75b25a",
    "data": [
      {
        "text": "let\u0027s listen to next job",
        "userDefined": false
      }
    ],
    "isTemplate": false,
    "count": 0,
    "lang": "en",
    "updated": 0
  }
]