[
  {
    "id": "6cf51b80-8280-425f-b505-4f5589de15d5",
    "data": [
      {
        "text": "I have experience of ",
        "userDefined": false
      },
      {
        "text": "5 years",
        "meta": "@sys.duration",
        "alias": "duration",
        "userDefined": false
      },
      {
        "text": " build my profile.",
        "userDefined": false
      }
    ],
    "isTemplate": false,
    "count": 0,
    "lang": "en",
    "updated": 0
  },
  {
    "id": "623b6a2a-fe3d-493f-a186-3e0785ce7def",
    "data": [
      {
        "text": "help me build my profile.",
        "userDefined": false
      }
    ],
    "isTemplate": false,
    "count": 0,
    "lang": "en",
    "updated": 0
  },
  {
    "id": "98aae9f5-7d37-462d-8b7d-0043e7f815a9",
    "data": [
      {
        "text": "can you help me build my profile",
        "userDefined": false
      }
    ],
    "isTemplate": false,
    "count": 0,
    "lang": "en",
    "updated": 0
  },
  {
    "id": "0e7d1673-d7fb-4277-80df-3e0d78a99135",
    "data": [
      {
        "text": "Help me fill my profile.",
        "userDefined": false
      }
    ],
    "isTemplate": false,
    "count": 0,
    "lang": "en",
    "updated": 0
  },
  {
    "id": "df49efc8-2922-4243-bc8f-8730a1d88682",
    "data": [
      {
        "text": "Please help me fill my profile details.",
        "userDefined": false
      }
    ],
    "isTemplate": false,
    "count": 0,
    "lang": "en",
    "updated": 0
  },
  {
    "id": "f6374f11-3974-486d-bb48-2fd53ea77cf4",
    "data": [
      {
        "text": "Can you help me fill my profile details?",
        "userDefined": false
      }
    ],
    "isTemplate": false,
    "count": 0,
    "lang": "en",
    "updated": 0
  }
]