[
  {
    "id": "59a21df1-bc60-4678-9407-71aa76c67b54",
    "data": [
      {
        "text": "any new jobs in ",
        "userDefined": false
      },
      {
        "text": "Pune",
        "meta": "@sys.geo-city",
        "alias": "geo-city",
        "userDefined": false
      }
    ],
    "isTemplate": false,
    "count": 0,
    "lang": "en",
    "updated": 0
  },
  {
    "id": "2f8788da-3e42-4ff8-b7f9-1eebc5e7d700",
    "data": [
      {
        "text": "do you have any new jobs",
        "userDefined": false
      }
    ],
    "isTemplate": false,
    "count": 0,
    "lang": "en",
    "updated": 0
  },
  {
    "id": "a794b5c4-aed2-4cea-854d-d6c0c62afaf9",
    "data": [
      {
        "text": "tell me about new jobs",
        "userDefined": false
      }
    ],
    "isTemplate": false,
    "count": 0,
    "lang": "en",
    "updated": 0
  },
  {
    "id": "49a78c2a-24d0-40f4-b0eb-19eef7d8c98e",
    "data": [
      {
        "text": "any new jobs",
        "userDefined": false
      }
    ],
    "isTemplate": false,
    "count": 0,
    "lang": "en",
    "updated": 0
  },
  {
    "id": "7a80400e-526d-4306-9909-ddeeb8219bfc",
    "data": [
      {
        "text": "can you tell me if you have any new openings?",
        "userDefined": false
      }
    ],
    "isTemplate": false,
    "count": 0,
    "lang": "en",
    "updated": 0
  },
  {
    "id": "5c29fb41-6f93-40c2-a86f-1864a171bfdb",
    "data": [
      {
        "text": "I am looking for jobs.",
        "userDefined": false
      }
    ],
    "isTemplate": false,
    "count": 0,
    "lang": "en",
    "updated": 0
  },
  {
    "id": "b871d77b-52ab-4d65-a4b8-d11e4b342263",
    "data": [
      {
        "text": "could you please help me find jobs?",
        "userDefined": false
      }
    ],
    "isTemplate": false,
    "count": 0,
    "lang": "en",
    "updated": 0
  }
]