[
  {
    "id": "644fb04c-a40e-4f41-b5d4-b1ddff7d752f",
    "data": [
      {
        "text": "Here is quick about me. My name is Rajat and I live in Pune.",
        "userDefined": false
      }
    ],
    "isTemplate": false,
    "count": 0,
    "lang": "en",
    "updated": 0
  },
  {
    "id": "0b9f4127-b6a7-4802-b9de-be53220d3f0b",
    "data": [
      {
        "text": "Here is quick summary about me. My name is Amrita and I have been working with WNS as assistant manager from past 6 months in Banglore. I have 4 years of experience and my highest qualification is B. Tech.",
        "userDefined": false
      }
    ],
    "isTemplate": false,
    "count": 0,
    "lang": "en",
    "updated": 0
  },
  {
    "id": "f1b42288-f08c-48bf-871a-a15cadaf381c",
    "data": [
      {
        "text": "Here is quick summary. My name is Rajat and I have been working with Cognologix as data scientist from past 6 months in Pune. I have 5 years of experience and my highest qualification is B. Tech.",
        "userDefined": false
      }
    ],
    "isTemplate": false,
    "count": 0,
    "lang": "en",
    "updated": 0
  }
]